Номер продукции,Продукция,Тип продукции,Категория продукции
26,"Рюкзак ""Горный мул - Поездка""",Рюкзаки и сумки,Снаряжение для туризма
19,"Спальник ""Спячка-Супер""",Спальные мешки,Снаряжение для туризма
21,"Подкладка ""Спячка""",Спальные мешки,Снаряжение для туризма
42,"Канат ""Эскимос-50""",Канаты,Горное снаряжение
60,"Зажим ""Гранит""",Инструменты,Горное снаряжение
47,"Обвязка ""Эскимос""",Средства безопасности,Горное снаряжение
110,"Кор. клюшка ""Голубая сталь""",Короткие клюшки (для гольфа),Снаряжение для гольфа
54,"Зарядн. устройство ""Светлячок""",Снаряжение для скалолазания,Горное снаряжение
69,"Очки ""Полярный лед""",Очки,Личные принадлежности
55,"Аккум. батарея ""Светлячок""",Снаряжение для скалолазания,Горное снаряжение
56,"Сумка для мела ""Гранит""",Снаряжение для скалолазания,Горное снаряжение
46,"Шлем ""Гранит""",Средства безопасности,Горное снаряжение
61,"Тпор ""Гранит""",Инструменты,Горное снаряжение
62,"Нож ""Гранит-Супер""",Инструменты,Горное снаряжение
44,"Канат ""Эскимос-100""",Канаты,Горное снаряжение
63,"""Пещерный человек"" - Аналог.",Часы,Личные принадлежности
53,"Горный фонарь ""Светлячок""",Снаряжение для скалолазания,Горное снаряжение
64,"""Пещерный человек"" - Цифр.",Часы,Личные принадлежности
30,"Фонарь ""Светлячок""",Фонари,Снаряжение для туризма
11,"Палатка ""Звездный свет""",Палатки,Снаряжение для туризма
23,"Раскладушка ""Спячка""",Спальные мешки,Снаряжение для туризма
108,"Набор дер. кл. ""Стальной град"" ж.",Деревянные клюшки,Снаряжение для гольфа
101,"Клюшки мет. ""Стальной град""",Клюшки с металлич. головкой,Снаряжение для гольфа
109,"Кор. клюшка ""Профи""",Короткие клюшки (для гольфа),Снаряжение для гольфа
106,"Набор дер. кл. ""Стальной град""",Деревянные клюшки,Снаряжение для гольфа
111,"Кор. клюшка ""Голубая сталь-М""",Короткие клюшки (для гольфа),Снаряжение для гольфа
112,"Набор ""Профи""",Принадлежности для гольфа,Снаряжение для гольфа
114,"Сумка ""Профи""",Принадлежности для гольфа,Снаряжение для гольфа
102,"Клюшки мет. ""Ттановый град""",Клюшки с металлич. головкой,Снаряжение для гольфа
32,"Фонарь ""Светлячок-2""",Фонари,Снаряжение для туризма
10,"Стол. прибор ""Шеф-повар""",Кухонные принадлежности,Снаряжение для туризма
67,"""Пещерный человек"" - Супер",Часы,Личные принадлежности
68,"Очки ""Полярное солнце""",Очки,Личные принадлежности
105,"Набор дер. кл. ""Ттановый град""",Деревянные клюшки,Снаряжение для гольфа
81,"Бинокль ""Искатель-Мини""",Бинокли,Личные принадлежности
31,"Фонарь ""Светлячок-читатель""",Фонари,Снаряжение для туризма
4,"Кружка ""Шеф-повар""",Кухонные принадлежности,Снаряжение для туризма
97,Семейная аптечка,Первая помощь,Средства защиты
2,"Фляга ""Шеф-повар""",Кухонные принадлежности,Снаряжение для туризма
3,"Стол. набор ""Шеф-повар""",Кухонные принадлежности,Снаряжение для туризма
70,"Очки ""Полярный спорт""",Очки,Личные принадлежности
5,"Кух. набор ""Шеф-повар""",Кухонные принадлежности,Снаряжение для туризма
14,"Палатка ""Звездочет-3""",Палатки,Снаряжение для туризма
1,"Сумка ""Шеф-повар""",Кухонные принадлежности,Снаряжение для туризма
7,"Плита ""Шеф-повар 1""",Кухонные принадлежности,Снаряжение для туризма
82,"Компас ""Ледник-Осн.""",Топографические принадлежности,Личные принадлежности
25,"Рюкзак ""Горный мул - Выходные""",Рюкзаки и сумки,Снаряжение для туризма
16,"Колышек ""Звезда""",Палатки,Снаряжение для туризма
35,"Фонарь ""Светлячок-Мульти""",Фонари,Снаряжение для туризма
77,"Нож ""Гроза медведя""",Ножи,Личные принадлежности
6,"Супер-набор ""Шеф-повар""",Кухонные принадлежности,Снаряжение для туризма
48,"Обвязка ""Эскимос-Супер""",Средства безопасности,Горное снаряжение
36,"""Вечный свет"" - Одинарный",Фонари,Снаряжение для туризма
29,"Сумка ""Горный мул""",Рюкзаки и сумки,Снаряжение для туризма
84,"СГП ""Ледник""",Топографические принадлежности,Личные принадлежности
18,"Спальник ""Спячка""",Спальные мешки,Снаряжение для туризма
92,"""Солнце-Тнт"" Тердый",Защита от солнца,Средства защиты
28,"Холодильник ""Горный мул""",Рюкзаки и сумки,Снаряжение для туризма
93,"""Солнце-Тнт 15""",Защита от солнца,Средства защиты
88,"""Мухо-Щит"" Крем мягк.",Средства от насекомых,Средства защиты
103,"Клюшки мет. ""Стальной град"" женск.",Клюшки с металлич. головкой,Снаряжение для гольфа
107,"Набор дер.кл. ""Ттановый град"" ж.",Деревянные клюшки,Снаряжение для гольфа
58,"Молоток ""Гранит""",Инструменты,Горное снаряжение
85,"СГП ""Ледник-Супер""",Топографические принадлежности,Личные принадлежности
45,"Канат ""Эскимос-200""",Канаты,Горное снаряжение
66,"""Пещерный человек"" - Комби",Часы,Личные принадлежности
43,"Канат ""Эскимос-60""",Канаты,Горное снаряжение
57,"Ледоруб ""Гранит""",Инструменты,Горное снаряжение
49,"Сигнальн. зеркало ""Гранит""",Средства безопасности,Горное снаряжение
52,"Блок ""Гранит""",Снаряжение для скалолазания,Горное снаряжение
37,"""Вечный свет"" - Двойной",Фонари,Снаряжение для туризма
94,"""Солнце-Тнт 30""",Защита от солнца,Средства защиты
91,"""Солнце-Блок""",Защита от солнца,Средства защиты
40,"Лампа ""Вечный свет""",Фонари,Снаряжение для туризма
73,"Нож ""Одиночное лезвие""",Ножи,Личные принадлежности
15,"Палатка ""Звездочет-6""",Палатки,Снаряжение для туризма
113,"Зонт ""Профи""",Принадлежности для гольфа,Снаряжение для гольфа
115,"Перчатки ""Профи""",Принадлежности для гольфа,Снаряжение для гольфа
65,"""Пещерный человек"" - Элит.",Часы,Личные принадлежности
74,"Нож ""Двойное лезвие""",Ножи,Личные принадлежности
78,"Бинокль ""Искатель 35""",Бинокли,Личные принадлежности
79,"Бинокль ""Искатель 50""",Бинокли,Личные принадлежности
24,"Рюкзак ""Горный мул - Переход""",Рюкзаки и сумки,Снаряжение для туризма
59,"Лопата ""Гранит""",Инструменты,Горное снаряжение
34,"Фонарь ""Светлячок-Супер""",Фонари,Снаряжение для туризма
41,"Светильник ""Мерцающий свет""",Фонари,Снаряжение для туризма
8,"Плита ""Шеф-повар 2""",Кухонные принадлежности,Снаряжение для туризма
75,"Нож ""Суперлезвие""",Ножи,Личные принадлежности
83,"Компас ""Ледник-Элит.""",Топографические принадлежности,Личные принадлежности
98,Каламиновый крем,Первая помощь,Средства защиты
86,"""Мухо-Щит"" Натуральн.",Средства от насекомых,Средства защиты
76,"Нож ""Медвежье лезвие""",Ножи,Личные принадлежности
12,"Палатка ""Небосвод""",Палатки,Снаряжение для туризма
13,"Палатка ""Звездочет-2""",Палатки,Снаряжение для туризма
20,"Матрац ""Спячка""",Спальные мешки,Снаряжение для туризма
87,"""Мухо-Щит"" Аэрозоль",Средства от насекомых,Средства защиты
72,"Очки ""Полярный предел""",Очки,Личные принадлежности
22,"Подушка ""Спячка""",Спальные мешки,Снаряжение для туризма
80,"Бинокль ""Искатель-Супер""",Бинокли,Личные принадлежности
104,"Клюшки мет. ""Ттановый град"" женск.",Клюшки с металлич. головкой,Снаряжение для гольфа
89,"""Мухо-Щит"" Крем",Средства от насекомых,Средства защиты
71,"Очки ""Полярная волна""",Очки,Личные принадлежности
38,"""Вечный свет"" - Керосиновый",Фонари,Снаряжение для туризма
50,"Карабин ""Гранит""",Снаряжение для скалолазания,Горное снаряжение
51,"Страховка ""Гранит""",Снаряжение для скалолазания,Горное снаряжение
27,"Рюкзак ""Горный мул - Супер""",Рюкзаки и сумки,Снаряжение для туризма
17,"Легкий спальник ""Летний сон""",Спальные мешки,Снаряжение для туризма
33,"Фонарь ""Светлячок-4""",Фонари,Снаряжение для туризма
95,"""Солнце-Щит""",Защита от солнца,Средства защиты
90,"""Мухо-Щит"" - Супер",Средства от насекомых,Средства защиты
9,"Чайник ""Шеф-повар""",Кухонные принадлежности,Снаряжение для туризма
39,"""Вечный свет"" - Бутановый",Фонари,Снаряжение для туризма
100,Крем от укусов насекомых,Первая помощь,Средства защиты
99,Крем алоэ,Первая помощь,Средства защиты
96,Персональная аптечка,Первая помощь,Средства защиты
